SET DATEFORMAT ymd
-- File name: D:\Downloads\WebAplication\111.sql\n-- Created by MSSQL Library http://www.dbconvert.com\n

---- Table structure for table `Должности` 
----

CREATE TABLE [Должности] ([Код должности] NVARCHAR(255) NOT NULL  DEFAULT NULL  ,[Наименование] NVARCHAR(255) NULL  DEFAULT NULL  ,CONSTRAINT [Должности_PrimaryKey]  PRIMARY KEY  NONCLUSTERED  ([Код должности])); 

---- Table structure for table `Виды договоров` 
----

CREATE TABLE [Виды договоров] ([Код вида] NVARCHAR(255) NOT NULL  DEFAULT NULL  ,[Наименование] NVARCHAR(255) NULL  DEFAULT NULL  ,[Документ] NVARCHAR(255) NULL  DEFAULT NULL  ,CONSTRAINT [Виды договоров_PrimaryKey]  PRIMARY KEY  CLUSTERED  ([Код вида])); 

---- Table structure for table `Сотрудники` 
----

CREATE TABLE [Сотрудники] ([Номер сотрудника] INT IDENTITY(1,1)  ,[ФИО] NVARCHAR(255) NULL  DEFAULT NULL  ,[Адрес] NVARCHAR(255) NULL  DEFAULT NULL  ,[Телефон] NVARCHAR(255) NULL  DEFAULT NULL  ,[Должность] NVARCHAR(255) NULL  DEFAULT NULL  ,[Оклад] INT NULL  DEFAULT NULL  ,CONSTRAINT [Сотрудники_PrimaryKey]  PRIMARY KEY  NONCLUSTERED  ([Номер сотрудника]), CONSTRAINT [Сотрудники_ДолжностиСотрудники] FOREIGN KEY ("Должность") REFERENCES "Должности" ( "Код должности" ) ON UPDATE CASCADE ON DELETE CASCADE); 
ALTER TABLE [Сотрудники] NOCHECK CONSTRAINT [Сотрудники_ДолжностиСотрудники];

---- Table structure for table `Типы ответственных` 
----

CREATE TABLE [Типы ответственных] ([Код] NVARCHAR(255) NOT NULL  DEFAULT NULL  ,[Наименование] NVARCHAR(255) NULL  DEFAULT NULL  ,CONSTRAINT [Типы ответственных_PrimaryKey]  PRIMARY KEY  CLUSTERED  ([Код])); 

---- Table structure for table `Статусы` 
----

CREATE TABLE [Статусы] ([Код статуса] INT IDENTITY(1,1)  ,[Статус] NVARCHAR(255) NULL  DEFAULT NULL  ,CONSTRAINT [Статусы_PrimaryKey]  PRIMARY KEY  CLUSTERED  ([Код статуса])); 
 CREATE  INDEX [Статусы_СтатусыСтатус] ON [Статусы] ([Статус]);

---- Table structure for table `Договора` 
----

CREATE TABLE [Договора] ([Шифр] NVARCHAR(255) NOT NULL  DEFAULT NULL  ,[Вид договора] NVARCHAR(255) NULL  DEFAULT NULL  ,[Наименование] NVARCHAR(255) NULL  DEFAULT NULL  ,[Дата заключения] DATETIME NULL  DEFAULT NULL  ,[Дата регистрации] DATETIME NULL  DEFAULT NULL  ,[Примечание] NTEXT NULL  DEFAULT NULL  ,[Дата начала] DATETIME NULL  DEFAULT NULL  ,[Дата оканчания] DATETIME NULL  DEFAULT NULL  ,[Сумма] INT NULL  DEFAULT NULL  ,CONSTRAINT [Договора_PrimaryKey]  PRIMARY KEY  CLUSTERED  ([Шифр]), CONSTRAINT [Договора_Виды договоровДоговора] FOREIGN KEY ("Вид договора") REFERENCES "Виды договоров" ( "Код вида" ) ON UPDATE CASCADE ON DELETE CASCADE); 
ALTER TABLE [Договора] NOCHECK CONSTRAINT [Договора_Виды договоровДоговора];

---- Table structure for table `Список ответственных` 
----

CREATE TABLE [Список ответственных] ([№ пп] INT IDENTITY(1,1)  ,[Договор] NVARCHAR(255) NULL  DEFAULT NULL  ,[Сотрудник] INT NULL  DEFAULT NULL  ,[Тип ответственности] NVARCHAR(255) NULL  DEFAULT NULL  ,[Примечание] NTEXT NULL  DEFAULT NULL  ,[Дата начала] DATETIME NULL  DEFAULT NULL  ,[Дата окончания] DATETIME NULL  DEFAULT NULL  ,CONSTRAINT [Список ответственных_PrimaryKey]  PRIMARY KEY  CLUSTERED  ([№ пп]), CONSTRAINT [Список ответственных_ДоговораСписок ответственных] FOREIGN KEY ("Договор") REFERENCES "Договора" ( "Шифр" ) ON UPDATE CASCADE ON DELETE CASCADE, CONSTRAINT [Список ответственных_СотрудникиСписок ответственных] FOREIGN KEY ("Сотрудник") REFERENCES "Сотрудники" ( "Номер сотрудника" ) ON UPDATE CASCADE ON DELETE CASCADE, CONSTRAINT [Список ответственных_Типы ответственныхСписок ответственных] FOREIGN KEY ("Тип ответственности") REFERENCES "Типы ответственных" ( "Код" ) ON UPDATE CASCADE ON DELETE CASCADE); 
ALTER TABLE [Список ответственных] NOCHECK CONSTRAINT [Список ответственных_ДоговораСписок ответственных];
ALTER TABLE [Список ответственных] NOCHECK CONSTRAINT [Список ответственных_СотрудникиСписок ответственных];
ALTER TABLE [Список ответственных] NOCHECK CONSTRAINT [Список ответственных_Типы ответственныхСписок ответственных];

---- Table structure for table `Установка статуса` 
----

CREATE TABLE [Установка статуса] ([№ пп] INT IDENTITY(1,1)  ,[Договор] NVARCHAR(255) NULL  DEFAULT NULL  ,[Статус] INT NULL  DEFAULT NULL  ,[Дата установки статуса] DATETIME NULL  DEFAULT NULL  ,CONSTRAINT [Установка статуса_PrimaryKey]  PRIMARY KEY  NONCLUSTERED  ([№ пп]), CONSTRAINT [Установка статуса_ДоговораУстановка статуса] FOREIGN KEY ("Договор") REFERENCES "Договора" ( "Шифр" ) ON UPDATE CASCADE ON DELETE CASCADE, CONSTRAINT [Установка статуса_СтатусыУстановка статуса] FOREIGN KEY ("Статус") REFERENCES "Статусы" ( "Код статуса" ) ON UPDATE CASCADE ON DELETE CASCADE); 
ALTER TABLE [Установка статуса] NOCHECK CONSTRAINT [Установка статуса_ДоговораУстановка статуса];
ALTER TABLE [Установка статуса] NOCHECK CONSTRAINT [Установка статуса_СтатусыУстановка статуса];

---- Dumping data for table `Должности`
---- 

INSERT INTO [Должности] ([Код должности],[Наименование]) VALUES (N'01',N'юрист')
INSERT INTO [Должности] ([Код должности],[Наименование]) VALUES (N'02',N'менеджер')
INSERT INTO [Должности] ([Код должности],[Наименование]) VALUES (N'03',N'кладовщик')
INSERT INTO [Должности] ([Код должности],[Наименование]) VALUES (N'04',N'зав. Складом')
INSERT INTO [Должности] ([Код должности],[Наименование]) VALUES (N'05',N'администратор')
INSERT INTO [Должности] ([Код должности],[Наименование]) VALUES (N'06',N'управляющий')
INSERT INTO [Должности] ([Код должности],[Наименование]) VALUES (N'07',N'уборщик')
INSERT INTO [Должности] ([Код должности],[Наименование]) VALUES (N'08',N'грузчик')

---- Dumping data for table `Виды договоров`
---- 

INSERT INTO [Виды договоров] ([Код вида],[Наименование],[Документ]) VALUES (N'001',N'Договор поставки',N'Договор')
INSERT INTO [Виды договоров] ([Код вида],[Наименование],[Документ]) VALUES (N'002',N'Накладная на товар',N'Накладная')
INSERT INTO [Виды договоров] ([Код вида],[Наименование],[Документ]) VALUES (N'003',N'Отчет о приемке',N'Отчет')
INSERT INTO [Виды договоров] ([Код вида],[Наименование],[Документ]) VALUES (N'004',N'Договор приемки',N'Договор')
INSERT INTO [Виды договоров] ([Код вида],[Наименование],[Документ]) VALUES (N'005',N'Договор поставки',N'Договор')
INSERT INTO [Виды договоров] ([Код вида],[Наименование],[Документ]) VALUES (N'006',N'Приходный ордер',N'Ордер')
INSERT INTO [Виды договоров] ([Код вида],[Наименование],[Документ]) VALUES (N'007',N'Акт о приемке товара',N'Акт')
INSERT INTO [Виды договоров] ([Код вида],[Наименование],[Документ]) VALUES (N'008',N'Лимитно-заборная карта',N'Карта')

---- Dumping data for table `Сотрудники`
---- 


 SET IDENTITY_INSERT [Сотрудники] ON 
 GO

INSERT INTO [Сотрудники] ([Номер сотрудника],[ФИО],[Адрес],[Телефон],[Должность],[Оклад]) VALUES (1,N'Орлов В.И.',N'пер. Советский, 22',N'457852',N'06',6000000)
INSERT INTO [Сотрудники] ([Номер сотрудника],[ФИО],[Адрес],[Телефон],[Должность],[Оклад]) VALUES (2,N'Чижов А.А.',N'ул. Ленина, 2',N'425875',N'08',4000000)
INSERT INTO [Сотрудники] ([Номер сотрудника],[ФИО],[Адрес],[Телефон],[Должность],[Оклад]) VALUES (3,N'Антонов К.О.',N'ул. Дзержинского, 14',N'465821',N'05',8000000)
INSERT INTO [Сотрудники] ([Номер сотрудника],[ФИО],[Адрес],[Телефон],[Должность],[Оклад]) VALUES (4,N'Краснов А.Ю.',N'ул. Горького, 65',N'489632',N'03',4300000)
INSERT INTO [Сотрудники] ([Номер сотрудника],[ФИО],[Адрес],[Телефон],[Должность],[Оклад]) VALUES (5,N'Петров Т.П.',N'ул. Мирная, 18',N'478532',N'04',4800000)
INSERT INTO [Сотрудники] ([Номер сотрудника],[ФИО],[Адрес],[Телефон],[Должность],[Оклад]) VALUES (6,N'Иванова А.Д.',N'ул. Макарова, 46',N'435847',N'01',5500000)
INSERT INTO [Сотрудники] ([Номер сотрудника],[ФИО],[Адрес],[Телефон],[Должность],[Оклад]) VALUES (7,N'Белова Л.Т.',N'пер. Лесной, 87',N'453561',N'07',3500000)
INSERT INTO [Сотрудники] ([Номер сотрудника],[ФИО],[Адрес],[Телефон],[Должность],[Оклад]) VALUES (8,N'Тихон Л.Р.',N'ул. Баранова, 56',N'464821',N'04',4800000)
INSERT INTO [Сотрудники] ([Номер сотрудника],[ФИО],[Адрес],[Телефон],[Должность],[Оклад]) VALUES (9,N'Ларина Т.Г.',N'ул. Войкова, 83',N'487563',N'03',4300000)
INSERT INTO [Сотрудники] ([Номер сотрудника],[ФИО],[Адрес],[Телефон],[Должность],[Оклад]) VALUES (10,N'Васильева М.П.',N'ул. Федько, 4',N'421562',N'02',4800000)

---- Dumping data for table `Типы ответственных`
---- 

INSERT INTO [Типы ответственных] ([Код],[Наименование]) VALUES (N'110',N'ответственный за приемку товара')
INSERT INTO [Типы ответственных] ([Код],[Наименование]) VALUES (N'111',N'куратор')
INSERT INTO [Типы ответственных] ([Код],[Наименование]) VALUES (N'112',N'ответственный за поставку товара')
INSERT INTO [Типы ответственных] ([Код],[Наименование]) VALUES (N'113',N'ответственный за доставку товара')

---- Dumping data for table `Статусы`
---- 


 SET IDENTITY_INSERT [Статусы] ON 
 GO

INSERT INTO [Статусы] ([Код статуса],[Статус]) VALUES (1,N'заключен')
INSERT INTO [Статусы] ([Код статуса],[Статус]) VALUES (2,N'расторгнут')
INSERT INTO [Статусы] ([Код статуса],[Статус]) VALUES (3,N'на согласовании')
INSERT INTO [Статусы] ([Код статуса],[Статус]) VALUES (4,N'согласован')
INSERT INTO [Статусы] ([Код статуса],[Статус]) VALUES (5,N'приостановлен')
INSERT INTO [Статусы] ([Код статуса],[Статус]) VALUES (6,N'исполнен')
INSERT INTO [Статусы] ([Код статуса],[Статус]) VALUES (7,N'исполняется')
INSERT INTO [Статусы] ([Код статуса],[Статус]) VALUES (8,N'отправлен в архив')

 SET IDENTITY_INSERT [Статусы] OFF 
 GO


---- Dumping data for table `Договора`
---- 

INSERT INTO [Договора] ([Шифр],[Вид договора],[Наименование],[Дата заключения],[Дата регистрации],[Примечание],[Дата начала],[Дата оканчания],[Сумма]) VALUES (N'0001',N'001',N'Договор поставки от 28.06.2012',N'2012-06-28 00:00:00',N'2012-06-28 00:00:00',NULL,N'2012-06-28 00:00:00',N'2012-09-13 00:00:00',2000000)
INSERT INTO [Договора] ([Шифр],[Вид договора],[Наименование],[Дата заключения],[Дата регистрации],[Примечание],[Дата начала],[Дата оканчания],[Сумма]) VALUES (N'0002',N'001',N'Договор поставки от 25.06.2012',NULL,NULL,N'расторгнут',NULL,NULL,NULL)
INSERT INTO [Договора] ([Шифр],[Вид договора],[Наименование],[Дата заключения],[Дата регистрации],[Примечание],[Дата начала],[Дата оканчания],[Сумма]) VALUES (N'0003',N'005',N'Договор поставки от 20.09.2012',N'2012-09-20 00:00:00',N'2012-09-20 00:00:00',N'не окончен',N'2012-09-21 00:00:00',NULL,NULL)
INSERT INTO [Договора] ([Шифр],[Вид договора],[Наименование],[Дата заключения],[Дата регистрации],[Примечание],[Дата начала],[Дата оканчания],[Сумма]) VALUES (N'0004',N'008',N'Лимитно-заборная карта от 27.03.2012',N'2012-03-27 00:00:00',N'2012-03-27 00:00:00',NULL,N'2012-03-27 00:00:00',N'2012-04-01 00:00:00',2560000)
INSERT INTO [Договора] ([Шифр],[Вид договора],[Наименование],[Дата заключения],[Дата регистрации],[Примечание],[Дата начала],[Дата оканчания],[Сумма]) VALUES (N'0005',N'007',N'Акт о приемке товара от 22.04.2012',N'2012-04-22 00:00:00',N'2012-04-22 00:00:00',NULL,N'2012-04-22 00:00:00',N'2012-04-25 00:00:00',6420000)
INSERT INTO [Договора] ([Шифр],[Вид договора],[Наименование],[Дата заключения],[Дата регистрации],[Примечание],[Дата начала],[Дата оканчания],[Сумма]) VALUES (N'0006',N'007',N'Акт о приемке товара от 28.04.2012',N'2012-04-28 00:00:00',N'2012-04-28 00:00:00',NULL,N'2012-04-29 00:00:00',N'2012-05-01 00:00:00',7120000)
INSERT INTO [Договора] ([Шифр],[Вид договора],[Наименование],[Дата заключения],[Дата регистрации],[Примечание],[Дата начала],[Дата оканчания],[Сумма]) VALUES (N'0007',N'006',N'Приходный ордер от 12.05.2012',N'2012-05-12 00:00:00',N'2012-05-13 00:00:00',NULL,N'2012-05-13 00:00:00',N'2012-06-17 00:00:00',2140000)
INSERT INTO [Договора] ([Шифр],[Вид договора],[Наименование],[Дата заключения],[Дата регистрации],[Примечание],[Дата начала],[Дата оканчания],[Сумма]) VALUES (N'0008',N'002',N'Накладная на товар от 15.02.2012',N'2012-02-15 00:00:00',N'2012-02-12 00:00:00',NULL,N'2012-02-13 00:00:00',N'2012-04-02 00:00:00',2700000)
INSERT INTO [Договора] ([Шифр],[Вид договора],[Наименование],[Дата заключения],[Дата регистрации],[Примечание],[Дата начала],[Дата оканчания],[Сумма]) VALUES (N'0009',N'004',N'Договор о приемке от 13.02.2012',N'2012-02-13 00:00:00',N'2012-02-13 00:00:00',NULL,N'2012-02-14 00:00:00',N'2012-03-25 00:00:00',4230000)
INSERT INTO [Договора] ([Шифр],[Вид договора],[Наименование],[Дата заключения],[Дата регистрации],[Примечание],[Дата начала],[Дата оканчания],[Сумма]) VALUES (N'0010',N'003',N'Отчет о приемке 15.12.2012',N'2012-12-15 00:00:00',N'2012-12-15 00:00:00',NULL,N'2012-12-15 00:00:00',N'2012-12-16 00:00:00',3450000)

---- Dumping data for table `Список ответственных`
---- 


 SET IDENTITY_INSERT [Список ответственных] ON 
 GO

INSERT INTO [Список ответственных] ([№ пп],[Договор],[Сотрудник],[Тип ответственности],[Примечание],[Дата начала],[Дата окончания]) VALUES (1,N'0005',4,N'110',NULL,N'2012-04-22 00:00:00',N'2012-04-25 00:00:00')
INSERT INTO [Список ответственных] ([№ пп],[Договор],[Сотрудник],[Тип ответственности],[Примечание],[Дата начала],[Дата окончания]) VALUES (2,N'0006',9,N'110',NULL,N'2012-04-29 00:00:00',N'2012-05-01 00:00:00')
INSERT INTO [Список ответственных] ([№ пп],[Договор],[Сотрудник],[Тип ответственности],[Примечание],[Дата начала],[Дата окончания]) VALUES (3,N'0001',10,N'112',NULL,N'2012-06-28 00:00:00',N'2012-09-13 00:00:00')
INSERT INTO [Список ответственных] ([№ пп],[Договор],[Сотрудник],[Тип ответственности],[Примечание],[Дата начала],[Дата окончания]) VALUES (4,N'0005',16,N'110',NULL,N'2012-04-22 00:00:00',N'2012-04-25 00:00:00')
INSERT INTO [Список ответственных] ([№ пп],[Договор],[Сотрудник],[Тип ответственности],[Примечание],[Дата начала],[Дата окончания]) VALUES (5,N'0002',10,N'112',N'расторгнут',NULL,NULL)
INSERT INTO [Список ответственных] ([№ пп],[Договор],[Сотрудник],[Тип ответственности],[Примечание],[Дата начала],[Дата окончания]) VALUES (6,N'0003',10,N'112',N'не окончен',N'2012-09-21 00:00:00',NULL)
INSERT INTO [Список ответственных] ([№ пп],[Договор],[Сотрудник],[Тип ответственности],[Примечание],[Дата начала],[Дата окончания]) VALUES (7,N'0006',16,N'110',NULL,N'2012-04-29 00:00:00',N'2012-05-01 00:00:00')
INSERT INTO [Список ответственных] ([№ пп],[Договор],[Сотрудник],[Тип ответственности],[Примечание],[Дата начала],[Дата окончания]) VALUES (8,N'0004',13,N'111',NULL,N'2012-03-27 00:00:00',N'2012-04-01 00:00:00')
INSERT INTO [Список ответственных] ([№ пп],[Договор],[Сотрудник],[Тип ответственности],[Примечание],[Дата начала],[Дата окончания]) VALUES (9,N'0013',13,N'111',NULL,N'2012-07-17 00:00:00',N'2012-08-21 00:00:00')
INSERT INTO [Список ответственных] ([№ пп],[Договор],[Сотрудник],[Тип ответственности],[Примечание],[Дата начала],[Дата окончания]) VALUES (10,N'0007',5,N'112',NULL,N'2012-05-13 00:00:00',N'2012-06-17 00:00:00')

---- Dumping data for table `Установка статуса`
---- 


 SET IDENTITY_INSERT [Установка статуса] ON 
 GO

INSERT INTO [Установка статуса] ([№ пп],[Договор],[Статус],[Дата установки статуса]) VALUES (1,N'0001',1,N'2012-06-28 00:00:00')
INSERT INTO [Установка статуса] ([№ пп],[Договор],[Статус],[Дата установки статуса]) VALUES (2,N'0001',6,N'2012-09-13 00:00:00')
INSERT INTO [Установка статуса] ([№ пп],[Договор],[Статус],[Дата установки статуса]) VALUES (3,N'0002',3,N'2012-06-25 00:00:00')
INSERT INTO [Установка статуса] ([№ пп],[Договор],[Статус],[Дата установки статуса]) VALUES (4,N'0002',2,N'2012-06-30 00:00:00')
INSERT INTO [Установка статуса] ([№ пп],[Договор],[Статус],[Дата установки статуса]) VALUES (5,N'0003',3,N'2012-09-15 00:00:00')
INSERT INTO [Установка статуса] ([№ пп],[Договор],[Статус],[Дата установки статуса]) VALUES (6,N'0004',1,N'2012-03-27 00:00:00')
INSERT INTO [Установка статуса] ([№ пп],[Договор],[Статус],[Дата установки статуса]) VALUES (7,N'0005',3,N'2012-04-12 00:00:00')
INSERT INTO [Установка статуса] ([№ пп],[Договор],[Статус],[Дата установки статуса]) VALUES (8,N'0005',4,N'2012-04-21 00:00:00')
INSERT INTO [Установка статуса] ([№ пп],[Договор],[Статус],[Дата установки статуса]) VALUES (9,N'0005',7,N'2012-05-11 00:00:00')
INSERT INTO [Установка статуса] ([№ пп],[Договор],[Статус],[Дата установки статуса]) VALUES (10,N'0006',6,N'2012-05-01 00:00:00')
